surah_number,surah_name,ayah_number,name_1_serial,name_1_arabic,name_1_translit,name_1_tier,name_2_serial,name_2_arabic,name_2_translit,name_2_tier,word_distance,position_name1,position_name2,meccan_medinan,needs_hitl_review,tier3_involved,review_reason,context
2,البقرة,129,37,الْعَلِي,Al-'Alī,Tier 1,9,الْعَزِيز,Al-'Azīz,Tier 1,9,mid-verse,verse-final,Medinan,True,False,homonym-flagged name,وَٱبْعَثْ فِيهِمْ رَسُولًۭا مِّنْهُمْ يَتْلُوا۟ عَلَيْهِمْ ءَايَـٰتِكَ وَيُعَلِّمُهُمُ ٱلْكِتَـٰبَ وَٱلْحِكْمَةَ وَيُزَكِّيهِمْ ۚ إِنَّكَ أَنتَ ٱلْعَزِيزُ ٱلْحَكِيمُ
2,البقرة,129,9,الْعَزِيز,Al-'Azīz,Tier 1,47,الْحَكِيم,Al-Ḥakīm,Tier 1,1,verse-final,verse-final,Medinan,True,False,homonym-flagged name,وَٱلْحِكْمَةَ وَيُزَكِّيهِمْ ۚ إِنَّكَ أَنتَ ٱلْعَزِيزُ ٱلْحَكِيمُ
2,البقرة,209,1,اللَّه,Allāh,Tier 1,9,الْعَزِيز,Al-'Azīz,Tier 1,1,mid-verse,verse-final,Medinan,True,False,homonym-flagged name,مَا جَآءَتْكُمُ ٱلْبَيِّنَـٰتُ فَٱعْلَمُوٓا۟ أَنَّ ٱللَّهَ عَزِيزٌ حَكِيمٌ
2,البقرة,209,9,الْعَزِيز,Al-'Azīz,Tier 1,47,الْحَكِيم,Al-Ḥakīm,Tier 1,1,verse-final,verse-final,Medinan,True,False,homonym-flagged name,جَآءَتْكُمُ ٱلْبَيِّنَـٰتُ فَٱعْلَمُوٓا۟ أَنَّ ٱللَّهَ عَزِيزٌ حَكِيمٌ
2,البقرة,220,1,اللَّه,Allāh,Tier 1,9,الْعَزِيز,Al-'Azīz,Tier 1,5,mid-verse,verse-final,Medinan,True,False,homonym-flagged name,مِنَ ٱلْمُصْلِحِ ۚ وَلَوْ شَآءَ ٱللَّهُ لَأَعْنَتَكُمْ ۚ إِنَّ ٱللَّهَ عَزِيزٌ حَكِيمٌۭ
2,البقرة,220,1,اللَّه,Allāh,Tier 1,9,الْعَزِيز,Al-'Azīz,Tier 1,1,mid-verse,verse-final,Medinan,True,False,homonym-flagged name,شَآءَ ٱللَّهُ لَأَعْنَتَكُمْ ۚ إِنَّ ٱللَّهَ عَزِيزٌ حَكِيمٌۭ
2,البقرة,220,9,الْعَزِيز,Al-'Azīz,Tier 1,47,الْحَكِيم,Al-Ḥakīm,Tier 1,1,verse-final,verse-final,Medinan,True,False,homonym-flagged name,ٱللَّهُ لَأَعْنَتَكُمْ ۚ إِنَّ ٱللَّهَ عَزِيزٌ حَكِيمٌۭ
2,البقرة,228,37,الْعَلِي,Al-'Alī,Tier 1,9,الْعَزِيز,Al-'Azīz,Tier 1,8,mid-verse,verse-final,Medinan,True,False,homonym-flagged name,إِصْلَـٰحًۭا ۚ وَلَهُنَّ مِثْلُ ٱلَّذِى عَلَيْهِنَّ بِٱلْمَعْرُوفِ ۚ وَلِلرِّجَالِ عَلَيْهِنَّ دَرَجَةٌۭ ۗ وَٱللَّهُ عَزِيزٌ حَكِيمٌ
2,البقرة,228,37,الْعَلِي,Al-'Alī,Tier 1,9,الْعَزِيز,Al-'Azīz,Tier 1,4,mid-verse,verse-final,Medinan,True,False,homonym-flagged name,ٱلَّذِى عَلَيْهِنَّ بِٱلْمَعْرُوفِ ۚ وَلِلرِّجَالِ عَلَيْهِنَّ دَرَجَةٌۭ ۗ وَٱللَّهُ عَزِيزٌ حَكِيمٌ
2,البقرة,228,1,اللَّه,Allāh,Tier 1,9,الْعَزِيز,Al-'Azīz,Tier 1,1,mid-verse,verse-final,Medinan,True,False,homonym-flagged name,ۚ وَلِلرِّجَالِ عَلَيْهِنَّ دَرَجَةٌۭ ۗ وَٱللَّهُ عَزِيزٌ حَكِيمٌ
2,البقرة,228,9,الْعَزِيز,Al-'Azīz,Tier 1,47,الْحَكِيم,Al-Ḥakīm,Tier 1,1,verse-final,verse-final,Medinan,True,False,homonym-flagged name,وَلِلرِّجَالِ عَلَيْهِنَّ دَرَجَةٌۭ ۗ وَٱللَّهُ عَزِيزٌ حَكِيمٌ
2,البقرة,240,37,الْعَلِي,Al-'Alī,Tier 1,9,الْعَزِيز,Al-'Azīz,Tier 1,10,mid-verse,verse-final,Medinan,True,False,homonym-flagged name,ۚ فَإِنْ خَرَجْنَ فَلَا جُنَاحَ عَلَيْكُمْ فِى مَا فَعَلْنَ فِىٓ أَنفُسِهِنَّ مِن مَّعْرُوفٍۢ ۗ وَٱللَّهُ عَزِيزٌ حَكِيمٌۭ
2,البقرة,240,1,اللَّه,Allāh,Tier 1,9,الْعَزِيز,Al-'Azīz,Tier 1,1,mid-verse,verse-final,Medinan,True,False,homonym-flagged name,فِىٓ أَنفُسِهِنَّ مِن مَّعْرُوفٍۢ ۗ وَٱللَّهُ عَزِيزٌ حَكِيمٌۭ
2,البقرة,240,9,الْعَزِيز,Al-'Azīz,Tier 1,47,الْحَكِيم,Al-Ḥakīm,Tier 1,1,verse-final,verse-final,Medinan,True,False,homonym-flagged name,أَنفُسِهِنَّ مِن مَّعْرُوفٍۢ ۗ وَٱللَّهُ عَزِيزٌ حَكِيمٌۭ
2,البقرة,260,1,اللَّه,Allāh,Tier 1,9,الْعَزِيز,Al-'Azīz,Tier 1,1,mid-verse,verse-final,Medinan,True,False,homonym-flagged name,يَأْتِينَكَ سَعْيًۭا ۚ وَٱعْلَمْ أَنَّ ٱللَّهَ عَزِيزٌ حَكِيمٌۭ
2,البقرة,260,9,الْعَزِيز,Al-'Azīz,Tier 1,47,الْحَكِيم,Al-Ḥakīm,Tier 1,1,verse-final,verse-final,Medinan,True,False,homonym-flagged name,سَعْيًۭا ۚ وَٱعْلَمْ أَنَّ ٱللَّهَ عَزِيزٌ حَكِيمٌۭ
3,آل عمران,4,1,اللَّه,Allāh,Tier 1,9,الْعَزِيز,Al-'Azīz,Tier 1,6,mid-verse,mid-verse,Medinan,True,False,homonym-flagged name,ۗ إِنَّ ٱلَّذِينَ كَفَرُوا۟ بِـَٔايَـٰتِ ٱللَّهِ لَهُمْ عَذَابٌۭ شَدِيدٌۭ ۗ وَٱللَّهُ عَزِيزٌۭ ذُو ٱنتِقَامٍ
3,آل عمران,4,1,اللَّه,Allāh,Tier 1,9,الْعَزِيز,Al-'Azīz,Tier 1,1,mid-verse,mid-verse,Medinan,True,False,homonym-flagged name,ٱللَّهِ لَهُمْ عَذَابٌۭ شَدِيدٌۭ ۗ وَٱللَّهُ عَزِيزٌۭ ذُو ٱنتِقَامٍ
3,آل عمران,6,9,الْعَزِيز,Al-'Azīz,Tier 1,47,الْحَكِيم,Al-Ḥakīm,Tier 1,1,verse-final,verse-final,Medinan,True,False,homonym-flagged name,ۚ لَآ إِلَـٰهَ إِلَّا هُوَ ٱلْعَزِيزُ ٱلْحَكِيمُ
3,آل عمران,18,9,الْعَزِيز,Al-'Azīz,Tier 1,47,الْحَكِيم,Al-Ḥakīm,Tier 1,1,verse-final,verse-final,Medinan,True,False,homonym-flagged name,ۚ لَآ إِلَـٰهَ إِلَّا هُوَ ٱلْعَزِيزُ ٱلْحَكِيمُ
3,آل عمران,62,1,اللَّه,Allāh,Tier 1,9,الْعَزِيز,Al-'Azīz,Tier 1,5,mid-verse,verse-final,Medinan,True,False,homonym-flagged name,ۚ وَمَا مِنْ إِلَـٰهٍ إِلَّا ٱللَّهُ ۚ وَإِنَّ ٱللَّهَ لَهُوَ ٱلْعَزِيزُ ٱلْحَكِيمُ
3,آل عمران,62,1,اللَّه,Allāh,Tier 1,9,الْعَزِيز,Al-'Azīz,Tier 1,2,mid-verse,verse-final,Medinan,True,False,homonym-flagged name,إِلَـٰهٍ إِلَّا ٱللَّهُ ۚ وَإِنَّ ٱللَّهَ لَهُوَ ٱلْعَزِيزُ ٱلْحَكِيمُ
3,آل عمران,62,9,الْعَزِيز,Al-'Azīz,Tier 1,47,الْحَكِيم,Al-Ḥakīm,Tier 1,1,verse-final,verse-final,Medinan,True,False,homonym-flagged name,ٱللَّهُ ۚ وَإِنَّ ٱللَّهَ لَهُوَ ٱلْعَزِيزُ ٱلْحَكِيمُ
3,آل عمران,126,1,اللَّه,Allāh,Tier 1,9,الْعَزِيز,Al-'Azīz,Tier 1,1,mid-verse,verse-final,Medinan,True,False,homonym-flagged name,وَمَا ٱلنَّصْرُ إِلَّا مِنْ عِندِ ٱللَّهِ ٱلْعَزِيزِ ٱلْحَكِيمِ
3,آل عمران,126,9,الْعَزِيز,Al-'Azīz,Tier 1,47,الْحَكِيم,Al-Ḥakīm,Tier 1,1,verse-final,verse-final,Medinan,True,False,homonym-flagged name,ٱلنَّصْرُ إِلَّا مِنْ عِندِ ٱللَّهِ ٱلْعَزِيزِ ٱلْحَكِيمِ
4,النساء,56,1,اللَّه,Allāh,Tier 1,9,الْعَزِيز,Al-'Azīz,Tier 1,2,mid-verse,verse-final,Medinan,True,False,homonym-flagged name,غَيْرَهَا لِيَذُوقُوا۟ ٱلْعَذَابَ ۗ إِنَّ ٱللَّهَ كَانَ عَزِيزًا حَكِيمًۭا
4,النساء,158,1,اللَّه,Allāh,Tier 1,9,الْعَزِيز,Al-'Azīz,Tier 1,5,mid-verse,verse-final,Medinan,True,False,homonym-flagged name,بَل رَّفَعَهُ ٱللَّهُ إِلَيْهِ ۚ وَكَانَ ٱللَّهُ عَزِيزًا حَكِيمًۭا
4,النساء,158,1,اللَّه,Allāh,Tier 1,9,الْعَزِيز,Al-'Azīz,Tier 1,1,mid-verse,verse-final,Medinan,True,False,homonym-flagged name,رَّفَعَهُ ٱللَّهُ إِلَيْهِ ۚ وَكَانَ ٱللَّهُ عَزِيزًا حَكِيمًۭا
4,النساء,165,37,الْعَلِي,Al-'Alī,Tier 1,9,الْعَزِيز,Al-'Azīz,Tier 1,8,mid-verse,verse-final,Medinan,True,False,homonym-flagged name,مُّبَشِّرِينَ وَمُنذِرِينَ لِئَلَّا يَكُونَ لِلنَّاسِ عَلَى ٱللَّهِ حُجَّةٌۢ بَعْدَ ٱلرُّسُلِ ۚ وَكَانَ ٱللَّهُ عَزِيزًا حَكِيمًۭا
4,النساء,165,1,اللَّه,Allāh,Tier 1,9,الْعَزِيز,Al-'Azīz,Tier 1,7,mid-verse,verse-final,Medinan,True,False,homonym-flagged name,وَمُنذِرِينَ لِئَلَّا يَكُونَ لِلنَّاسِ عَلَى ٱللَّهِ حُجَّةٌۢ بَعْدَ ٱلرُّسُلِ ۚ وَكَانَ ٱللَّهُ عَزِيزًا حَكِيمًۭا
4,النساء,165,1,اللَّه,Allāh,Tier 1,9,الْعَزِيز,Al-'Azīz,Tier 1,1,mid-verse,verse-final,Medinan,True,False,homonym-flagged name,حُجَّةٌۢ بَعْدَ ٱلرُّسُلِ ۚ وَكَانَ ٱللَّهُ عَزِيزًا حَكِيمًۭا
5,المائدة,38,1,اللَّه,Allāh,Tier 1,9,الْعَزِيز,Al-'Azīz,Tier 1,3,mid-verse,verse-final,Medinan,True,False,homonym-flagged name,جَزَآءًۢ بِمَا كَسَبَا نَكَـٰلًۭا مِّنَ ٱللَّهِ ۗ وَٱللَّهُ عَزِيزٌ حَكِيمٌۭ
5,المائدة,38,1,اللَّه,Allāh,Tier 1,9,الْعَزِيز,Al-'Azīz,Tier 1,1,mid-verse,verse-final,Medinan,True,False,homonym-flagged name,كَسَبَا نَكَـٰلًۭا مِّنَ ٱللَّهِ ۗ وَٱللَّهُ عَزِيزٌ حَكِيمٌۭ
5,المائدة,38,9,الْعَزِيز,Al-'Azīz,Tier 1,47,الْحَكِيم,Al-Ḥakīm,Tier 1,1,verse-final,verse-final,Medinan,True,False,homonym-flagged name,نَكَـٰلًۭا مِّنَ ٱللَّهِ ۗ وَٱللَّهُ عَزِيزٌ حَكِيمٌۭ
5,المائدة,95,1,اللَّه,Allāh,Tier 1,9,الْعَزِيز,Al-'Azīz,Tier 1,4,mid-verse,mid-verse,Medinan,True,False,homonym-flagged name,سَلَفَ ۚ وَمَنْ عَادَ فَيَنتَقِمُ ٱللَّهُ مِنْهُ ۗ وَٱللَّهُ عَزِيزٌۭ ذُو ٱنتِقَامٍ
5,المائدة,95,1,اللَّه,Allāh,Tier 1,9,الْعَزِيز,Al-'Azīz,Tier 1,1,mid-verse,mid-verse,Medinan,True,False,homonym-flagged name,عَادَ فَيَنتَقِمُ ٱللَّهُ مِنْهُ ۗ وَٱللَّهُ عَزِيزٌۭ ذُو ٱنتِقَامٍ
5,المائدة,118,9,الْعَزِيز,Al-'Azīz,Tier 1,47,الْحَكِيم,Al-Ḥakīm,Tier 1,1,verse-final,verse-final,Medinan,True,False,homonym-flagged name,وَإِن تَغْفِرْ لَهُمْ فَإِنَّكَ أَنتَ ٱلْعَزِيزُ ٱلْحَكِيمُ
6,الأنعام,96,9,الْعَزِيز,Al-'Azīz,Tier 1,20,الْعَلِيم,Al-'Alīm,Tier 1,1,verse-final,verse-final,Meccan,True,False,homonym-flagged name,وَٱلْقَمَرَ حُسْبَانًۭا ۚ ذَٰلِكَ تَقْدِيرُ ٱلْعَزِيزِ ٱلْعَلِيمِ
8,الأنفال,10,1,اللَّه,Allāh,Tier 1,9,الْعَزِيز,Al-'Azīz,Tier 1,4,mid-verse,verse-final,Medinan,True,False,homonym-flagged name,وَمَا ٱلنَّصْرُ إِلَّا مِنْ عِندِ ٱللَّهِ ۚ إِنَّ ٱللَّهَ عَزِيزٌ حَكِيمٌ
8,الأنفال,10,1,اللَّه,Allāh,Tier 1,9,الْعَزِيز,Al-'Azīz,Tier 1,1,mid-verse,verse-final,Medinan,True,False,homonym-flagged name,مِنْ عِندِ ٱللَّهِ ۚ إِنَّ ٱللَّهَ عَزِيزٌ حَكِيمٌ
8,الأنفال,10,9,الْعَزِيز,Al-'Azīz,Tier 1,47,الْحَكِيم,Al-Ḥakīm,Tier 1,1,verse-final,verse-final,Medinan,True,False,homonym-flagged name,عِندِ ٱللَّهِ ۚ إِنَّ ٱللَّهَ عَزِيزٌ حَكِيمٌ
8,الأنفال,49,37,الْعَلِي,Al-'Alī,Tier 1,9,الْعَزِيز,Al-'Azīz,Tier 1,4,mid-verse,verse-final,Medinan,True,False,homonym-flagged name,هَـٰٓؤُلَآءِ دِينُهُمْ ۗ وَمَن يَتَوَكَّلْ عَلَى ٱللَّهِ فَإِنَّ ٱللَّهَ عَزِيزٌ حَكِيمٌۭ
8,الأنفال,49,1,اللَّه,Allāh,Tier 1,9,الْعَزِيز,Al-'Azīz,Tier 1,3,mid-verse,verse-final,Medinan,True,False,homonym-flagged name,دِينُهُمْ ۗ وَمَن يَتَوَكَّلْ عَلَى ٱللَّهِ فَإِنَّ ٱللَّهَ عَزِيزٌ حَكِيمٌۭ
8,الأنفال,49,1,اللَّه,Allāh,Tier 1,9,الْعَزِيز,Al-'Azīz,Tier 1,1,mid-verse,verse-final,Medinan,True,False,homonym-flagged name,وَمَن يَتَوَكَّلْ عَلَى ٱللَّهِ فَإِنَّ ٱللَّهَ عَزِيزٌ حَكِيمٌۭ
8,الأنفال,49,9,الْعَزِيز,Al-'Azīz,Tier 1,47,الْحَكِيم,Al-Ḥakīm,Tier 1,1,verse-final,verse-final,Medinan,True,False,homonym-flagged name,يَتَوَكَّلْ عَلَى ٱللَّهِ فَإِنَّ ٱللَّهَ عَزِيزٌ حَكِيمٌۭ
8,الأنفال,63,1,اللَّه,Allāh,Tier 1,9,الْعَزِيز,Al-'Azīz,Tier 1,5,mid-verse,verse-final,Medinan,True,False,homonym-flagged name,مَّآ أَلَّفْتَ بَيْنَ قُلُوبِهِمْ وَلَـٰكِنَّ ٱللَّهَ أَلَّفَ بَيْنَهُمْ ۚ إِنَّهُۥ عَزِيزٌ حَكِيمٌۭ
8,الأنفال,63,9,الْعَزِيز,Al-'Azīz,Tier 1,47,الْحَكِيم,Al-Ḥakīm,Tier 1,1,verse-final,verse-final,Medinan,True,False,homonym-flagged name,ٱللَّهَ أَلَّفَ بَيْنَهُمْ ۚ إِنَّهُۥ عَزِيزٌ حَكِيمٌۭ
8,الأنفال,67,1,اللَّه,Allāh,Tier 1,9,الْعَزِيز,Al-'Azīz,Tier 1,5,mid-verse,verse-final,Medinan,True,False,homonym-flagged name,ٱلْأَرْضِ ۚ تُرِيدُونَ عَرَضَ ٱلدُّنْيَا وَٱللَّهُ يُرِيدُ ٱلْـَٔاخِرَةَ ۗ وَٱللَّهُ عَزِيزٌ حَكِيمٌۭ
8,الأنفال,67,1,اللَّه,Allāh,Tier 1,9,الْعَزِيز,Al-'Azīz,Tier 1,1,mid-verse,verse-final,Medinan,True,False,homonym-flagged name,ٱلدُّنْيَا وَٱللَّهُ يُرِيدُ ٱلْـَٔاخِرَةَ ۗ وَٱللَّهُ عَزِيزٌ حَكِيمٌۭ
8,الأنفال,67,9,الْعَزِيز,Al-'Azīz,Tier 1,47,الْحَكِيم,Al-Ḥakīm,Tier 1,1,verse-final,verse-final,Medinan,True,False,homonym-flagged name,وَٱللَّهُ يُرِيدُ ٱلْـَٔاخِرَةَ ۗ وَٱللَّهُ عَزِيزٌ حَكِيمٌۭ
9,التوبة,40,1,اللَّه,Allāh,Tier 1,9,الْعَزِيز,Al-'Azīz,Tier 1,5,mid-verse,verse-final,Medinan,True,False,homonym-flagged name,ٱلَّذِينَ كَفَرُوا۟ ٱلسُّفْلَىٰ ۗ وَكَلِمَةُ ٱللَّهِ هِىَ ٱلْعُلْيَا ۗ وَٱللَّهُ عَزِيزٌ حَكِيمٌ
9,التوبة,40,1,اللَّه,Allāh,Tier 1,9,الْعَزِيز,Al-'Azīz,Tier 1,1,mid-verse,verse-final,Medinan,True,False,homonym-flagged name,وَكَلِمَةُ ٱللَّهِ هِىَ ٱلْعُلْيَا ۗ وَٱللَّهُ عَزِيزٌ حَكِيمٌ
9,التوبة,40,9,الْعَزِيز,Al-'Azīz,Tier 1,47,الْحَكِيم,Al-Ḥakīm,Tier 1,1,verse-final,verse-final,Medinan,True,False,homonym-flagged name,ٱللَّهِ هِىَ ٱلْعُلْيَا ۗ وَٱللَّهُ عَزِيزٌ حَكِيمٌ
9,التوبة,71,1,اللَّه,Allāh,Tier 1,9,الْعَزِيز,Al-'Azīz,Tier 1,9,mid-verse,verse-final,Medinan,True,False,homonym-flagged name,وَيُقِيمُونَ ٱلصَّلَوٰةَ وَيُؤْتُونَ ٱلزَّكَوٰةَ وَيُطِيعُونَ ٱللَّهَ وَرَسُولَهُۥٓ ۚ أُو۟لَـٰٓئِكَ سَيَرْحَمُهُمُ ٱللَّهُ ۗ إِنَّ ٱللَّهَ عَزِيزٌ حَكِيمٌۭ
9,التوبة,71,1,اللَّه,Allāh,Tier 1,9,الْعَزِيز,Al-'Azīz,Tier 1,4,mid-verse,verse-final,Medinan,True,False,homonym-flagged name,ٱللَّهَ وَرَسُولَهُۥٓ ۚ أُو۟لَـٰٓئِكَ سَيَرْحَمُهُمُ ٱللَّهُ ۗ إِنَّ ٱللَّهَ عَزِيزٌ حَكِيمٌۭ
9,التوبة,71,1,اللَّه,Allāh,Tier 1,9,الْعَزِيز,Al-'Azīz,Tier 1,1,mid-verse,verse-final,Medinan,True,False,homonym-flagged name,أُو۟لَـٰٓئِكَ سَيَرْحَمُهُمُ ٱللَّهُ ۗ إِنَّ ٱللَّهَ عَزِيزٌ حَكِيمٌۭ
9,التوبة,71,9,الْعَزِيز,Al-'Azīz,Tier 1,47,الْحَكِيم,Al-Ḥakīm,Tier 1,1,verse-final,verse-final,Medinan,True,False,homonym-flagged name,سَيَرْحَمُهُمُ ٱللَّهُ ۗ إِنَّ ٱللَّهَ عَزِيزٌ حَكِيمٌۭ
9,التوبة,128,9,الْعَزِيز,Al-'Azīz,Tier 1,37,الْعَلِي,Al-'Alī,Tier 1,5,mid-verse,mid-verse,Medinan,True,False,homonym-flagged name,لَقَدْ جَآءَكُمْ رَسُولٌۭ مِّنْ أَنفُسِكُمْ عَزِيزٌ عَلَيْهِ مَا عَنِتُّمْ حَرِيصٌ عَلَيْكُم بِٱلْمُؤْمِنِينَ رَءُوفٌۭ رَّحِيمٌۭ
9,التوبة,128,9,الْعَزِيز,Al-'Azīz,Tier 1,7,الْمُؤْمِن,Al-Mu'min,Tier 1,6,mid-verse,mid-verse,Medinan,True,False,homonym-flagged name,لَقَدْ جَآءَكُمْ رَسُولٌۭ مِّنْ أَنفُسِكُمْ عَزِيزٌ عَلَيْهِ مَا عَنِتُّمْ حَرِيصٌ عَلَيْكُم بِٱلْمُؤْمِنِينَ رَءُوفٌۭ رَّحِيمٌۭ
9,التوبة,128,9,الْعَزِيز,Al-'Azīz,Tier 1,84,الرَّءُوف,Al-Ra'ūf,Tier 1,7,mid-verse,verse-final,Medinan,True,False,homonym-flagged name,لَقَدْ جَآءَكُمْ رَسُولٌۭ مِّنْ أَنفُسِكُمْ عَزِيزٌ عَلَيْهِ مَا عَنِتُّمْ حَرِيصٌ عَلَيْكُم بِٱلْمُؤْمِنِينَ رَءُوفٌۭ رَّحِيمٌۭ
9,التوبة,128,9,الْعَزِيز,Al-'Azīz,Tier 1,3,الرَّحِيمِ,Al-Raḥīm,Tier 1,8,mid-verse,verse-final,Medinan,True,False,homonym-flagged name,لَقَدْ جَآءَكُمْ رَسُولٌۭ مِّنْ أَنفُسِكُمْ عَزِيزٌ عَلَيْهِ مَا عَنِتُّمْ حَرِيصٌ عَلَيْكُم بِٱلْمُؤْمِنِينَ رَءُوفٌۭ رَّحِيمٌۭ
11,هود,66,54,الْقَوِي,Al-Qawī,Tier 1,9,الْعَزِيز,Al-'Azīz,Tier 1,1,verse-final,verse-final,Meccan,True,False,homonym-flagged name,يَوْمِئِذٍ ۗ إِنَّ رَبَّكَ هُوَ ٱلْقَوِىُّ ٱلْعَزِيزُ
12,يوسف,18,108,الْجَمِيل,Al-Jamīl,Tier 3,1,اللَّه,Allāh,Tier 1,2,mid-verse,mid-verse,Meccan,False,True,"Tier 3 name matched — policy-excluded from primary dataset, verify",
12,يوسف,18,108,الْجَمِيل,Al-Jamīl,Tier 3,37,الْعَلِي,Al-'Alī,Tier 1,4,mid-verse,mid-verse,Meccan,False,True,"Tier 3 name matched — policy-excluded from primary dataset, verify",
12,يوسف,51,1,اللَّه,Allāh,Tier 1,9,الْعَزِيز,Al-'Azīz,Tier 1,9,mid-verse,mid-verse,Meccan,True,False,homonym-flagged name,عَن نَّفْسِهِۦ ۚ قُلْنَ حَـٰشَ لِلَّهِ مَا عَلِمْنَا عَلَيْهِ مِن سُوٓءٍۢ ۚ قَالَتِ ٱمْرَأَتُ ٱلْعَزِيزِ ٱلْـَٔـٰنَ حَصْحَصَ ٱلْحَقُّ أَنَا۠ رَٰوَدتُّهُۥ
12,يوسف,51,9,الْعَزِيز,Al-'Azīz,Tier 1,52,الْحَق,Al-Ḥaqq,Tier 1,3,mid-verse,mid-verse,Meccan,True,False,homonym-flagged name,مِن سُوٓءٍۢ ۚ قَالَتِ ٱمْرَأَتُ ٱلْعَزِيزِ ٱلْـَٔـٰنَ حَصْحَصَ ٱلْحَقُّ أَنَا۠ رَٰوَدتُّهُۥ عَن نَّفْسِهِۦ وَإِنَّهُۥ
12,يوسف,78,9,الْعَزِيز,Al-'Azīz,Tier 1,68,الْأَحَد,Al-Aḥad,Tier 1,7,mid-verse,mid-verse,Meccan,True,False,homonym-flagged name,قَالُوا۟ يَـٰٓأَيُّهَا ٱلْعَزِيزُ إِنَّ لَهُۥٓ أَبًۭا شَيْخًۭا كَبِيرًۭا فَخُذْ أَحَدَنَا مَكَانَهُۥٓ ۖ إِنَّا نَرَىٰكَ مِنَ
12,يوسف,83,108,الْجَمِيل,Al-Jamīl,Tier 3,1,اللَّه,Allāh,Tier 1,3,mid-verse,mid-verse,Meccan,False,True,"Tier 3 name matched — policy-excluded from primary dataset, verify",
14,ابراهيم,1,94,النُّور,Al-Nūr,Tier 1,9,الْعَزِيز,Al-'Azīz,Tier 1,5,mid-verse,verse-final,Meccan,True,False,homonym-flagged name,لِتُخْرِجَ ٱلنَّاسَ مِنَ ٱلظُّلُمَـٰتِ إِلَى ٱلنُّورِ بِإِذْنِ رَبِّهِمْ إِلَىٰ صِرَٰطِ ٱلْعَزِيزِ ٱلْحَمِيدِ
14,ابراهيم,1,9,الْعَزِيز,Al-'Azīz,Tier 1,57,الْحَمِيد,Al-Ḥamīd,Tier 1,1,verse-final,verse-final,Meccan,True,False,homonym-flagged name,ٱلنُّورِ بِإِذْنِ رَبِّهِمْ إِلَىٰ صِرَٰطِ ٱلْعَزِيزِ ٱلْحَمِيدِ
14,ابراهيم,4,1,اللَّه,Allāh,Tier 1,9,الْعَزِيز,Al-'Azīz,Tier 1,8,mid-verse,verse-final,Meccan,True,False,homonym-flagged name,قَوْمِهِۦ لِيُبَيِّنَ لَهُمْ ۖ فَيُضِلُّ ٱللَّهُ مَن يَشَآءُ وَيَهْدِى مَن يَشَآءُ ۚ وَهُوَ ٱلْعَزِيزُ ٱلْحَكِيمُ
14,ابراهيم,4,9,الْعَزِيز,Al-'Azīz,Tier 1,47,الْحَكِيم,Al-Ḥakīm,Tier 1,1,verse-final,verse-final,Meccan,True,False,homonym-flagged name,وَيَهْدِى مَن يَشَآءُ ۚ وَهُوَ ٱلْعَزِيزُ ٱلْحَكِيمُ
14,ابراهيم,47,1,اللَّه,Allāh,Tier 1,9,الْعَزِيز,Al-'Azīz,Tier 1,7,mid-verse,mid-verse,Meccan,True,False,homonym-flagged name,فَلَا تَحْسَبَنَّ ٱللَّهَ مُخْلِفَ وَعْدِهِۦ رُسُلَهُۥٓ ۗ إِنَّ ٱللَّهَ عَزِيزٌۭ ذُو ٱنتِقَامٍۢ
14,ابراهيم,47,1,اللَّه,Allāh,Tier 1,9,الْعَزِيز,Al-'Azīz,Tier 1,1,mid-verse,mid-verse,Meccan,True,False,homonym-flagged name,مُخْلِفَ وَعْدِهِۦ رُسُلَهُۥٓ ۗ إِنَّ ٱللَّهَ عَزِيزٌۭ ذُو ٱنتِقَامٍۢ
15,الحجر,85,52,الْحَق,Al-Ḥaqq,Tier 1,108,الْجَمِيل,Al-Jamīl,Tier 3,8,mid-verse,verse-final,Meccan,False,True,"Tier 3 name matched — policy-excluded from primary dataset, verify",
16,النحل,60,1,اللَّه,Allāh,Tier 1,9,الْعَزِيز,Al-'Azīz,Tier 1,5,mid-verse,verse-final,Meccan,True,False,homonym-flagged name,يُؤْمِنُونَ بِٱلْـَٔاخِرَةِ مَثَلُ ٱلسَّوْءِ ۖ وَلِلَّهِ ٱلْمَثَلُ ٱلْأَعْلَىٰ ۚ وَهُوَ ٱلْعَزِيزُ ٱلْحَكِيمُ
16,النحل,60,9,الْعَزِيز,Al-'Azīz,Tier 1,47,الْحَكِيم,Al-Ḥakīm,Tier 1,1,verse-final,verse-final,Meccan,True,False,homonym-flagged name,وَلِلَّهِ ٱلْمَثَلُ ٱلْأَعْلَىٰ ۚ وَهُوَ ٱلْعَزِيزُ ٱلْحَكِيمُ
22,الحج,40,1,اللَّه,Allāh,Tier 1,9,الْعَزِيز,Al-'Azīz,Tier 1,7,mid-verse,verse-final,Medinan,True,False,homonym-flagged name,ٱسْمُ ٱللَّهِ كَثِيرًۭا ۗ وَلَيَنصُرَنَّ ٱللَّهُ مَن يَنصُرُهُۥٓ ۗ إِنَّ ٱللَّهَ لَقَوِىٌّ عَزِيزٌ
22,الحج,40,1,اللَّه,Allāh,Tier 1,9,الْعَزِيز,Al-'Azīz,Tier 1,2,mid-verse,verse-final,Medinan,True,False,homonym-flagged name,ٱللَّهُ مَن يَنصُرُهُۥٓ ۗ إِنَّ ٱللَّهَ لَقَوِىٌّ عَزِيزٌ
22,الحج,40,54,الْقَوِي,Al-Qawī,Tier 1,9,الْعَزِيز,Al-'Azīz,Tier 1,1,verse-final,verse-final,Medinan,True,False,homonym-flagged name,مَن يَنصُرُهُۥٓ ۗ إِنَّ ٱللَّهَ لَقَوِىٌّ عَزِيزٌ
22,الحج,74,1,اللَّه,Allāh,Tier 1,9,الْعَزِيز,Al-'Azīz,Tier 1,7,mid-verse,verse-final,Medinan,True,False,homonym-flagged name,مَا قَدَرُوا۟ ٱللَّهَ حَقَّ قَدْرِهِۦٓ ۗ إِنَّ ٱللَّهَ لَقَوِىٌّ عَزِيزٌ
22,الحج,74,52,الْحَق,Al-Ḥaqq,Tier 1,9,الْعَزِيز,Al-'Azīz,Tier 1,6,mid-verse,verse-final,Medinan,True,False,homonym-flagged name,مَا قَدَرُوا۟ ٱللَّهَ حَقَّ قَدْرِهِۦٓ ۗ إِنَّ ٱللَّهَ لَقَوِىٌّ عَزِيزٌ
22,الحج,74,1,اللَّه,Allāh,Tier 1,9,الْعَزِيز,Al-'Azīz,Tier 1,2,mid-verse,verse-final,Medinan,True,False,homonym-flagged name,ٱللَّهَ حَقَّ قَدْرِهِۦٓ ۗ إِنَّ ٱللَّهَ لَقَوِىٌّ عَزِيزٌ
22,الحج,74,54,الْقَوِي,Al-Qawī,Tier 1,9,الْعَزِيز,Al-'Azīz,Tier 1,1,verse-final,verse-final,Medinan,True,False,homonym-flagged name,حَقَّ قَدْرِهِۦٓ ۗ إِنَّ ٱللَّهَ لَقَوِىٌّ عَزِيزٌ
26,الشعراء,9,9,الْعَزِيز,Al-'Azīz,Tier 1,3,الرَّحِيمِ,Al-Raḥīm,Tier 1,1,verse-final,verse-final,Meccan,True,False,homonym-flagged name,وَإِنَّ رَبَّكَ لَهُوَ ٱلْعَزِيزُ ٱلرَّحِيمُ
26,الشعراء,68,9,الْعَزِيز,Al-'Azīz,Tier 1,3,الرَّحِيمِ,Al-Raḥīm,Tier 1,1,verse-final,verse-final,Meccan,True,False,homonym-flagged name,وَإِنَّ رَبَّكَ لَهُوَ ٱلْعَزِيزُ ٱلرَّحِيمُ
26,الشعراء,104,9,الْعَزِيز,Al-'Azīz,Tier 1,3,الرَّحِيمِ,Al-Raḥīm,Tier 1,1,verse-final,verse-final,Meccan,True,False,homonym-flagged name,وَإِنَّ رَبَّكَ لَهُوَ ٱلْعَزِيزُ ٱلرَّحِيمُ
26,الشعراء,122,9,الْعَزِيز,Al-'Azīz,Tier 1,3,الرَّحِيمِ,Al-Raḥīm,Tier 1,1,verse-final,verse-final,Meccan,True,False,homonym-flagged name,وَإِنَّ رَبَّكَ لَهُوَ ٱلْعَزِيزُ ٱلرَّحِيمُ
26,الشعراء,140,9,الْعَزِيز,Al-'Azīz,Tier 1,3,الرَّحِيمِ,Al-Raḥīm,Tier 1,1,verse-final,verse-final,Meccan,True,False,homonym-flagged name,وَإِنَّ رَبَّكَ لَهُوَ ٱلْعَزِيزُ ٱلرَّحِيمُ
26,الشعراء,159,9,الْعَزِيز,Al-'Azīz,Tier 1,3,الرَّحِيمِ,Al-Raḥīm,Tier 1,1,verse-final,verse-final,Meccan,True,False,homonym-flagged name,وَإِنَّ رَبَّكَ لَهُوَ ٱلْعَزِيزُ ٱلرَّحِيمُ
26,الشعراء,175,9,الْعَزِيز,Al-'Azīz,Tier 1,3,الرَّحِيمِ,Al-Raḥīm,Tier 1,1,verse-final,verse-final,Meccan,True,False,homonym-flagged name,وَإِنَّ رَبَّكَ لَهُوَ ٱلْعَزِيزُ ٱلرَّحِيمُ
26,الشعراء,191,9,الْعَزِيز,Al-'Azīz,Tier 1,3,الرَّحِيمِ,Al-Raḥīm,Tier 1,1,verse-final,verse-final,Meccan,True,False,homonym-flagged name,وَإِنَّ رَبَّكَ لَهُوَ ٱلْعَزِيزُ ٱلرَّحِيمُ
26,الشعراء,217,37,الْعَلِي,Al-'Alī,Tier 1,9,الْعَزِيز,Al-'Azīz,Tier 1,1,verse-opening,verse-final,Meccan,True,False,homonym-flagged name,وَتَوَكَّلْ عَلَى ٱلْعَزِيزِ ٱلرَّحِيمِ
26,الشعراء,217,9,الْعَزِيز,Al-'Azīz,Tier 1,3,الرَّحِيمِ,Al-Raḥīm,Tier 1,1,verse-final,verse-final,Meccan,True,False,homonym-flagged name,وَتَوَكَّلْ عَلَى ٱلْعَزِيزِ ٱلرَّحِيمِ
27,النمل,9,1,اللَّه,Allāh,Tier 1,9,الْعَزِيز,Al-'Azīz,Tier 1,1,mid-verse,verse-final,Meccan,True,False,homonym-flagged name,يَـٰمُوسَىٰٓ إِنَّهُۥٓ أَنَا ٱللَّهُ ٱلْعَزِيزُ ٱلْحَكِيمُ
27,النمل,9,9,الْعَزِيز,Al-'Azīz,Tier 1,47,الْحَكِيم,Al-Ḥakīm,Tier 1,1,verse-final,verse-final,Meccan,True,False,homonym-flagged name,يَـٰمُوسَىٰٓ إِنَّهُۥٓ أَنَا ٱللَّهُ ٱلْعَزِيزُ ٱلْحَكِيمُ
27,النمل,78,9,الْعَزِيز,Al-'Azīz,Tier 1,20,الْعَلِيم,Al-'Alīm,Tier 1,1,verse-final,verse-final,Meccan,True,False,homonym-flagged name,يَقْضِى بَيْنَهُم بِحُكْمِهِۦ ۚ وَهُوَ ٱلْعَزِيزُ ٱلْعَلِيمُ
29,العنكبوت,26,9,الْعَزِيز,Al-'Azīz,Tier 1,47,الْحَكِيم,Al-Ḥakīm,Tier 1,1,verse-final,verse-final,Meccan,True,False,homonym-flagged name,إِلَىٰ رَبِّىٓ ۖ إِنَّهُۥ هُوَ ٱلْعَزِيزُ ٱلْحَكِيمُ
29,العنكبوت,42,1,اللَّه,Allāh,Tier 1,9,الْعَزِيز,Al-'Azīz,Tier 1,10,verse-opening,verse-final,Meccan,True,False,homonym-flagged name,إِنَّ ٱللَّهَ يَعْلَمُ مَا يَدْعُونَ مِن دُونِهِۦ مِن شَىْءٍۢ ۚ وَهُوَ ٱلْعَزِيزُ ٱلْحَكِيمُ
29,العنكبوت,42,9,الْعَزِيز,Al-'Azīz,Tier 1,47,الْحَكِيم,Al-Ḥakīm,Tier 1,1,verse-final,verse-final,Meccan,True,False,homonym-flagged name,دُونِهِۦ مِن شَىْءٍۢ ۚ وَهُوَ ٱلْعَزِيزُ ٱلْحَكِيمُ
30,الروم,5,1,اللَّه,Allāh,Tier 1,9,الْعَزِيز,Al-'Azīz,Tier 1,7,verse-opening,verse-final,Meccan,True,False,homonym-flagged name,بِنَصْرِ ٱللَّهِ ۚ يَنصُرُ مَن يَشَآءُ ۖ وَهُوَ ٱلْعَزِيزُ ٱلرَّحِيمُ
30,الروم,5,9,الْعَزِيز,Al-'Azīz,Tier 1,3,الرَّحِيمِ,Al-Raḥīm,Tier 1,1,verse-final,verse-final,Meccan,True,False,homonym-flagged name,يَنصُرُ مَن يَشَآءُ ۖ وَهُوَ ٱلْعَزِيزُ ٱلرَّحِيمُ
30,الروم,27,9,الْعَزِيز,Al-'Azīz,Tier 1,47,الْحَكِيم,Al-Ḥakīm,Tier 1,1,verse-final,verse-final,Meccan,True,False,homonym-flagged name,فِى ٱلسَّمَـٰوَٰتِ وَٱلْأَرْضِ ۚ وَهُوَ ٱلْعَزِيزُ ٱلْحَكِيمُ
31,لقمان,9,1,اللَّه,Allāh,Tier 1,9,الْعَزِيز,Al-'Azīz,Tier 1,4,mid-verse,verse-final,Meccan,True,False,homonym-flagged name,خَـٰلِدِينَ فِيهَا ۖ وَعْدَ ٱللَّهِ حَقًّۭا ۚ وَهُوَ ٱلْعَزِيزُ ٱلْحَكِيمُ
31,لقمان,9,9,الْعَزِيز,Al-'Azīz,Tier 1,47,الْحَكِيم,Al-Ḥakīm,Tier 1,1,verse-final,verse-final,Meccan,True,False,homonym-flagged name,وَعْدَ ٱللَّهِ حَقًّۭا ۚ وَهُوَ ٱلْعَزِيزُ ٱلْحَكِيمُ
31,لقمان,27,1,اللَّه,Allāh,Tier 1,9,الْعَزِيز,Al-'Azīz,Tier 1,4,mid-verse,verse-final,Meccan,True,False,homonym-flagged name,سَبْعَةُ أَبْحُرٍۢ مَّا نَفِدَتْ كَلِمَـٰتُ ٱللَّهِ ۗ إِنَّ ٱللَّهَ عَزِيزٌ حَكِيمٌۭ
31,لقمان,27,1,اللَّه,Allāh,Tier 1,9,الْعَزِيز,Al-'Azīz,Tier 1,1,mid-verse,verse-final,Meccan,True,False,homonym-flagged name,نَفِدَتْ كَلِمَـٰتُ ٱللَّهِ ۗ إِنَّ ٱللَّهَ عَزِيزٌ حَكِيمٌۭ
31,لقمان,27,9,الْعَزِيز,Al-'Azīz,Tier 1,47,الْحَكِيم,Al-Ḥakīm,Tier 1,1,verse-final,verse-final,Meccan,True,False,homonym-flagged name,كَلِمَـٰتُ ٱللَّهِ ۗ إِنَّ ٱللَّهَ عَزِيزٌ حَكِيمٌۭ
32,السجدة,6,9,الْعَزِيز,Al-'Azīz,Tier 1,3,الرَّحِيمِ,Al-Raḥīm,Tier 1,1,verse-final,verse-final,Meccan,True,False,homonym-flagged name,ذَٰلِكَ عَـٰلِمُ ٱلْغَيْبِ وَٱلشَّهَـٰدَةِ ٱلْعَزِيزُ ٱلرَّحِيمُ
34,سبإ,6,52,الْحَق,Al-Ḥaqq,Tier 1,9,الْعَزِيز,Al-'Azīz,Tier 1,4,mid-verse,verse-final,Meccan,True,False,homonym-flagged name,أُنزِلَ إِلَيْكَ مِن رَّبِّكَ هُوَ ٱلْحَقَّ وَيَهْدِىٓ إِلَىٰ صِرَٰطِ ٱلْعَزِيزِ ٱلْحَمِيدِ
34,سبإ,6,9,الْعَزِيز,Al-'Azīz,Tier 1,57,الْحَمِيد,Al-Ḥamīd,Tier 1,1,verse-final,verse-final,Meccan,True,False,homonym-flagged name,هُوَ ٱلْحَقَّ وَيَهْدِىٓ إِلَىٰ صِرَٰطِ ٱلْعَزِيزِ ٱلْحَمِيدِ
34,سبإ,27,52,الْحَق,Al-Ḥaqq,Tier 1,9,الْعَزِيز,Al-'Azīz,Tier 1,9,mid-verse,verse-final,Meccan,True,False,homonym-flagged name,قُلْ أَرُونِىَ ٱلَّذِينَ أَلْحَقْتُم بِهِۦ شُرَكَآءَ ۖ كَلَّا ۚ بَلْ هُوَ ٱللَّهُ ٱلْعَزِيزُ ٱلْحَكِيمُ
34,سبإ,27,1,اللَّه,Allāh,Tier 1,9,الْعَزِيز,Al-'Azīz,Tier 1,1,mid-verse,verse-final,Meccan,True,False,homonym-flagged name,ۖ كَلَّا ۚ بَلْ هُوَ ٱللَّهُ ٱلْعَزِيزُ ٱلْحَكِيمُ
34,سبإ,27,9,الْعَزِيز,Al-'Azīz,Tier 1,47,الْحَكِيم,Al-Ḥakīm,Tier 1,1,verse-final,verse-final,Meccan,True,False,homonym-flagged name,كَلَّا ۚ بَلْ هُوَ ٱللَّهُ ٱلْعَزِيزُ ٱلْحَكِيمُ
35,فاطر,2,9,الْعَزِيز,Al-'Azīz,Tier 1,47,الْحَكِيم,Al-Ḥakīm,Tier 1,1,verse-final,verse-final,Meccan,True,False,homonym-flagged name,لَهُۥ مِنۢ بَعْدِهِۦ ۚ وَهُوَ ٱلْعَزِيزُ ٱلْحَكِيمُ
35,فاطر,28,1,اللَّه,Allāh,Tier 1,9,الْعَزِيز,Al-'Azīz,Tier 1,7,mid-verse,verse-final,Meccan,True,False,homonym-flagged name,أَلْوَٰنُهُۥ كَذَٰلِكَ ۗ إِنَّمَا يَخْشَى ٱللَّهَ مِنْ عِبَادِهِ ٱلْعُلَمَـٰٓؤُا۟ ۗ إِنَّ ٱللَّهَ عَزِيزٌ غَفُورٌ
35,فاطر,28,1,اللَّه,Allāh,Tier 1,9,الْعَزِيز,Al-'Azīz,Tier 1,1,mid-verse,verse-final,Meccan,True,False,homonym-flagged name,مِنْ عِبَادِهِ ٱلْعُلَمَـٰٓؤُا۟ ۗ إِنَّ ٱللَّهَ عَزِيزٌ غَفُورٌ
35,فاطر,28,9,الْعَزِيز,Al-'Azīz,Tier 1,35,الْغَفُور,Al-Ghafūr,Tier 1,1,verse-final,verse-final,Meccan,True,False,homonym-flagged name,عِبَادِهِ ٱلْعُلَمَـٰٓؤُا۟ ۗ إِنَّ ٱللَّهَ عَزِيزٌ غَفُورٌ
36,يس,5,9,الْعَزِيز,Al-'Azīz,Tier 1,3,الرَّحِيمِ,Al-Raḥīm,Tier 1,1,verse-opening,verse-final,Meccan,True,False,homonym-flagged name,تَنزِيلَ ٱلْعَزِيزِ ٱلرَّحِيمِ
36,يس,38,9,الْعَزِيز,Al-'Azīz,Tier 1,20,الْعَلِيم,Al-'Alīm,Tier 1,1,verse-final,verse-final,Meccan,True,False,homonym-flagged name,لِمُسْتَقَرٍّۢ لَّهَا ۚ ذَٰلِكَ تَقْدِيرُ ٱلْعَزِيزِ ٱلْعَلِيمِ
38,ص,9,9,الْعَزِيز,Al-'Azīz,Tier 1,17,الْوَهَّاب,Al-Wahhāb,Tier 1,1,verse-final,verse-final,Meccan,True,False,homonym-flagged name,أَمْ عِندَهُمْ خَزَآئِنُ رَحْمَةِ رَبِّكَ ٱلْعَزِيزِ ٱلْوَهَّابِ
39,الزمر,1,1,اللَّه,Allāh,Tier 1,9,الْعَزِيز,Al-'Azīz,Tier 1,1,mid-verse,verse-final,Meccan,True,False,homonym-flagged name,تَنزِيلُ ٱلْكِتَـٰبِ مِنَ ٱللَّهِ ٱلْعَزِيزِ ٱلْحَكِيمِ
39,الزمر,1,9,الْعَزِيز,Al-'Azīz,Tier 1,47,الْحَكِيم,Al-Ḥakīm,Tier 1,1,verse-final,verse-final,Meccan,True,False,homonym-flagged name,تَنزِيلُ ٱلْكِتَـٰبِ مِنَ ٱللَّهِ ٱلْعَزِيزِ ٱلْحَكِيمِ
40,غافر,2,1,اللَّه,Allāh,Tier 1,9,الْعَزِيز,Al-'Azīz,Tier 1,1,mid-verse,verse-final,Meccan,True,False,homonym-flagged name,تَنزِيلُ ٱلْكِتَـٰبِ مِنَ ٱللَّهِ ٱلْعَزِيزِ ٱلْعَلِيمِ
40,غافر,2,9,الْعَزِيز,Al-'Azīz,Tier 1,20,الْعَلِيم,Al-'Alīm,Tier 1,1,verse-final,verse-final,Meccan,True,False,homonym-flagged name,تَنزِيلُ ٱلْكِتَـٰبِ مِنَ ٱللَّهِ ٱلْعَزِيزِ ٱلْعَلِيمِ
40,غافر,8,9,الْعَزِيز,Al-'Azīz,Tier 1,47,الْحَكِيم,Al-Ḥakīm,Tier 1,1,verse-final,verse-final,Meccan,True,False,homonym-flagged name,وَأَزْوَٰجِهِمْ وَذُرِّيَّـٰتِهِمْ ۚ إِنَّكَ أَنتَ ٱلْعَزِيزُ ٱلْحَكِيمُ
41,فصلت,12,9,الْعَزِيز,Al-'Azīz,Tier 1,20,الْعَلِيم,Al-'Alīm,Tier 1,1,verse-final,verse-final,Meccan,True,False,homonym-flagged name,بِمَصَـٰبِيحَ وَحِفْظًۭا ۚ ذَٰلِكَ تَقْدِيرُ ٱلْعَزِيزِ ٱلْعَلِيمِ
42,الشورى,3,78,الْوَالِي,Al-Wālī,Tier 1,9,الْعَزِيز,Al-'Azīz,Tier 1,5,mid-verse,verse-final,Meccan,True,False,homonym-flagged name,كَذَٰلِكَ يُوحِىٓ إِلَيْكَ وَإِلَى ٱلَّذِينَ مِن قَبْلِكَ ٱللَّهُ ٱلْعَزِيزُ ٱلْحَكِيمُ
42,الشورى,3,1,اللَّه,Allāh,Tier 1,9,الْعَزِيز,Al-'Azīz,Tier 1,1,mid-verse,verse-final,Meccan,True,False,homonym-flagged name,إِلَيْكَ وَإِلَى ٱلَّذِينَ مِن قَبْلِكَ ٱللَّهُ ٱلْعَزِيزُ ٱلْحَكِيمُ
42,الشورى,3,9,الْعَزِيز,Al-'Azīz,Tier 1,47,الْحَكِيم,Al-Ḥakīm,Tier 1,1,verse-final,verse-final,Meccan,True,False,homonym-flagged name,وَإِلَى ٱلَّذِينَ مِن قَبْلِكَ ٱللَّهُ ٱلْعَزِيزُ ٱلْحَكِيمُ
42,الشورى,19,1,اللَّه,Allāh,Tier 1,9,الْعَزِيز,Al-'Azīz,Tier 1,9,verse-opening,verse-final,Meccan,True,False,homonym-flagged name,ٱللَّهُ لَطِيفٌۢ بِعِبَادِهِۦ يَرْزُقُ مَن يَشَآءُ ۖ وَهُوَ ٱلْقَوِىُّ ٱلْعَزِيزُ
42,الشورى,19,31,اللَّطِيف,Al-Laṭīf,Tier 1,9,الْعَزِيز,Al-'Azīz,Tier 1,8,verse-opening,verse-final,Meccan,True,False,homonym-flagged name,ٱللَّهُ لَطِيفٌۢ بِعِبَادِهِۦ يَرْزُقُ مَن يَشَآءُ ۖ وَهُوَ ٱلْقَوِىُّ ٱلْعَزِيزُ
42,الشورى,19,54,الْقَوِي,Al-Qawī,Tier 1,9,الْعَزِيز,Al-'Azīz,Tier 1,1,verse-final,verse-final,Meccan,True,False,homonym-flagged name,يَرْزُقُ مَن يَشَآءُ ۖ وَهُوَ ٱلْقَوِىُّ ٱلْعَزِيزُ
43,الزخرف,9,9,الْعَزِيز,Al-'Azīz,Tier 1,20,الْعَلِيم,Al-'Alīm,Tier 1,1,verse-final,verse-final,Meccan,True,False,homonym-flagged name,خَلَقَ ٱلسَّمَـٰوَٰتِ وَٱلْأَرْضَ لَيَقُولُنَّ خَلَقَهُنَّ ٱلْعَزِيزُ ٱلْعَلِيمُ
44,الدخان,42,1,اللَّه,Allāh,Tier 1,9,الْعَزِيز,Al-'Azīz,Tier 1,4,mid-verse,verse-final,Meccan,True,False,homonym-flagged name,إِلَّا مَن رَّحِمَ ٱللَّهُ ۚ إِنَّهُۥ هُوَ ٱلْعَزِيزُ ٱلرَّحِيمُ
44,الدخان,42,9,الْعَزِيز,Al-'Azīz,Tier 1,3,الرَّحِيمِ,Al-Raḥīm,Tier 1,1,verse-final,verse-final,Meccan,True,False,homonym-flagged name,رَّحِمَ ٱللَّهُ ۚ إِنَّهُۥ هُوَ ٱلْعَزِيزُ ٱلرَّحِيمُ
44,الدخان,49,9,الْعَزِيز,Al-'Azīz,Tier 1,43,الْكَرِيم,Al-Karīm,Tier 1,1,verse-final,verse-final,Meccan,True,False,homonym-flagged name,ذُقْ إِنَّكَ أَنتَ ٱلْعَزِيزُ ٱلْكَرِيمُ
45,الجاثية,2,1,اللَّه,Allāh,Tier 1,9,الْعَزِيز,Al-'Azīz,Tier 1,1,mid-verse,verse-final,Meccan,True,False,homonym-flagged name,تَنزِيلُ ٱلْكِتَـٰبِ مِنَ ٱللَّهِ ٱلْعَزِيزِ ٱلْحَكِيمِ
45,الجاثية,2,9,الْعَزِيز,Al-'Azīz,Tier 1,47,الْحَكِيم,Al-Ḥakīm,Tier 1,1,verse-final,verse-final,Meccan,True,False,homonym-flagged name,تَنزِيلُ ٱلْكِتَـٰبِ مِنَ ٱللَّهِ ٱلْعَزِيزِ ٱلْحَكِيمِ
45,الجاثية,37,9,الْعَزِيز,Al-'Azīz,Tier 1,47,الْحَكِيم,Al-Ḥakīm,Tier 1,1,verse-final,verse-final,Meccan,True,False,homonym-flagged name,فِى ٱلسَّمَـٰوَٰتِ وَٱلْأَرْضِ ۖ وَهُوَ ٱلْعَزِيزُ ٱلْحَكِيمُ
46,الأحقاف,2,1,اللَّه,Allāh,Tier 1,9,الْعَزِيز,Al-'Azīz,Tier 1,1,mid-verse,verse-final,Meccan,True,False,homonym-flagged name,تَنزِيلُ ٱلْكِتَـٰبِ مِنَ ٱللَّهِ ٱلْعَزِيزِ ٱلْحَكِيمِ
46,الأحقاف,2,9,الْعَزِيز,Al-'Azīz,Tier 1,47,الْحَكِيم,Al-Ḥakīm,Tier 1,1,verse-final,verse-final,Meccan,True,False,homonym-flagged name,تَنزِيلُ ٱلْكِتَـٰبِ مِنَ ٱللَّهِ ٱلْعَزِيزِ ٱلْحَكِيمِ
48,الفتح,3,1,اللَّه,Allāh,Tier 1,9,الْعَزِيز,Al-'Azīz,Tier 1,2,verse-opening,verse-final,Medinan,True,False,homonym-flagged name,وَيَنصُرَكَ ٱللَّهُ نَصْرًا عَزِيزًا
48,الفتح,7,1,اللَّه,Allāh,Tier 1,9,الْعَزِيز,Al-'Azīz,Tier 1,7,verse-opening,verse-final,Medinan,True,False,homonym-flagged name,وَلِلَّهِ جُنُودُ ٱلسَّمَـٰوَٰتِ وَٱلْأَرْضِ ۚ وَكَانَ ٱللَّهُ عَزِيزًا حَكِيمًا
48,الفتح,7,1,اللَّه,Allāh,Tier 1,9,الْعَزِيز,Al-'Azīz,Tier 1,1,mid-verse,verse-final,Medinan,True,False,homonym-flagged name,جُنُودُ ٱلسَّمَـٰوَٰتِ وَٱلْأَرْضِ ۚ وَكَانَ ٱللَّهُ عَزِيزًا حَكِيمًا
48,الفتح,7,9,الْعَزِيز,Al-'Azīz,Tier 1,47,الْحَكِيم,Al-Ḥakīm,Tier 1,1,verse-final,verse-final,Medinan,True,False,homonym-flagged name,ٱلسَّمَـٰوَٰتِ وَٱلْأَرْضِ ۚ وَكَانَ ٱللَّهُ عَزِيزًا حَكِيمًا
48,الفتح,19,1,اللَّه,Allāh,Tier 1,9,الْعَزِيز,Al-'Azīz,Tier 1,1,mid-verse,verse-final,Medinan,True,False,homonym-flagged name,وَمَغَانِمَ كَثِيرَةًۭ يَأْخُذُونَهَا ۗ وَكَانَ ٱللَّهُ عَزِيزًا حَكِيمًۭا
51,الذاريات,58,1,اللَّه,Allāh,Tier 1,18,الرَّزَّاق,Al-Razzāq,Tier 1,2,verse-opening,mid-verse,Meccan,True,False,ambiguous lemma match (multiple candidate names),إِنَّ ٱللَّهَ هُوَ ٱلرَّزَّاقُ ذُو ٱلْقُوَّةِ ٱلْمَتِينُ
51,الذاريات,58,1,اللَّه,Allāh,Tier 1,102,الرَّزَّاق,Al-Rāziq,Tier 2,2,verse-opening,mid-verse,Meccan,True,False,ambiguous lemma match (multiple candidate names),إِنَّ ٱللَّهَ هُوَ ٱلرَّزَّاقُ ذُو ٱلْقُوَّةِ ٱلْمَتِينُ
51,الذاريات,58,18,الرَّزَّاق,Al-Razzāq,Tier 1,55,الْمَتِين,Al-Matīn,Tier 1,3,mid-verse,verse-final,Meccan,True,False,ambiguous lemma match (multiple candidate names),إِنَّ ٱللَّهَ هُوَ ٱلرَّزَّاقُ ذُو ٱلْقُوَّةِ ٱلْمَتِينُ
51,الذاريات,58,102,الرَّزَّاق,Al-Rāziq,Tier 2,55,الْمَتِين,Al-Matīn,Tier 1,3,mid-verse,verse-final,Meccan,True,False,ambiguous lemma match (multiple candidate names),إِنَّ ٱللَّهَ هُوَ ٱلرَّزَّاقُ ذُو ٱلْقُوَّةِ ٱلْمَتِينُ
54,القمر,42,9,الْعَزِيز,Al-'Azīz,Tier 1,71,الْمُقْتَدِر,Al-Muqtadir,Tier 1,1,verse-final,verse-final,Meccan,True,False,homonym-flagged name,كَذَّبُوا۟ بِـَٔايَـٰتِنَا كُلِّهَا فَأَخَذْنَـٰهُمْ أَخْذَ عَزِيزٍۢ مُّقْتَدِرٍ
57,الحديد,1,1,اللَّه,Allāh,Tier 1,9,الْعَزِيز,Al-'Azīz,Tier 1,7,verse-opening,verse-final,Medinan,True,False,homonym-flagged name,سَبَّحَ لِلَّهِ مَا فِى ٱلسَّمَـٰوَٰتِ وَٱلْأَرْضِ ۖ وَهُوَ ٱلْعَزِيزُ ٱلْحَكِيمُ
57,الحديد,1,9,الْعَزِيز,Al-'Azīz,Tier 1,47,الْحَكِيم,Al-Ḥakīm,Tier 1,1,verse-final,verse-final,Medinan,True,False,homonym-flagged name,فِى ٱلسَّمَـٰوَٰتِ وَٱلْأَرْضِ ۖ وَهُوَ ٱلْعَزِيزُ ٱلْحَكِيمُ
57,الحديد,25,1,اللَّه,Allāh,Tier 1,9,الْعَزِيز,Al-'Azīz,Tier 1,9,mid-verse,verse-final,Medinan,True,False,homonym-flagged name,بَأْسٌۭ شَدِيدٌۭ وَمَنَـٰفِعُ لِلنَّاسِ وَلِيَعْلَمَ ٱللَّهُ مَن يَنصُرُهُۥ وَرُسُلَهُۥ بِٱلْغَيْبِ ۚ إِنَّ ٱللَّهَ قَوِىٌّ عَزِيزٌۭ
57,الحديد,25,1,اللَّه,Allāh,Tier 1,9,الْعَزِيز,Al-'Azīz,Tier 1,2,mid-verse,verse-final,Medinan,True,False,homonym-flagged name,يَنصُرُهُۥ وَرُسُلَهُۥ بِٱلْغَيْبِ ۚ إِنَّ ٱللَّهَ قَوِىٌّ عَزِيزٌۭ
57,الحديد,25,54,الْقَوِي,Al-Qawī,Tier 1,9,الْعَزِيز,Al-'Azīz,Tier 1,1,verse-final,verse-final,Medinan,True,False,homonym-flagged name,وَرُسُلَهُۥ بِٱلْغَيْبِ ۚ إِنَّ ٱللَّهَ قَوِىٌّ عَزِيزٌۭ
58,المجادلة,21,1,اللَّه,Allāh,Tier 1,9,الْعَزِيز,Al-'Azīz,Tier 1,8,verse-opening,verse-final,Medinan,True,False,homonym-flagged name,كَتَبَ ٱللَّهُ لَأَغْلِبَنَّ أَنَا۠ وَرُسُلِىٓ ۚ إِنَّ ٱللَّهَ قَوِىٌّ عَزِيزٌۭ
58,المجادلة,21,1,اللَّه,Allāh,Tier 1,9,الْعَزِيز,Al-'Azīz,Tier 1,2,mid-verse,verse-final,Medinan,True,False,homonym-flagged name,لَأَغْلِبَنَّ أَنَا۠ وَرُسُلِىٓ ۚ إِنَّ ٱللَّهَ قَوِىٌّ عَزِيزٌۭ
58,المجادلة,21,54,الْقَوِي,Al-Qawī,Tier 1,9,الْعَزِيز,Al-'Azīz,Tier 1,1,verse-final,verse-final,Medinan,True,False,homonym-flagged name,أَنَا۠ وَرُسُلِىٓ ۚ إِنَّ ٱللَّهَ قَوِىٌّ عَزِيزٌۭ
59,الحشر,1,1,اللَّه,Allāh,Tier 1,9,الْعَزِيز,Al-'Azīz,Tier 1,9,verse-opening,verse-final,Medinan,True,False,homonym-flagged name,سَبَّحَ لِلَّهِ مَا فِى ٱلسَّمَـٰوَٰتِ وَمَا فِى ٱلْأَرْضِ ۖ وَهُوَ ٱلْعَزِيزُ ٱلْحَكِيمُ
59,الحشر,1,9,الْعَزِيز,Al-'Azīz,Tier 1,47,الْحَكِيم,Al-Ḥakīm,Tier 1,1,verse-final,verse-final,Medinan,True,False,homonym-flagged name,وَمَا فِى ٱلْأَرْضِ ۖ وَهُوَ ٱلْعَزِيزُ ٱلْحَكِيمُ
59,الحشر,23,4,الْمَلِك,Al-Malik,Tier 1,9,الْعَزِيز,Al-'Azīz,Tier 1,5,mid-verse,mid-verse,Medinan,True,False,homonym-flagged name,ٱلَّذِى لَآ إِلَـٰهَ إِلَّا هُوَ ٱلْمَلِكُ ٱلْقُدُّوسُ ٱلسَّلَـٰمُ ٱلْمُؤْمِنُ ٱلْمُهَيْمِنُ ٱلْعَزِيزُ ٱلْجَبَّارُ ٱلْمُتَكَبِّرُ ۚ سُبْحَـٰنَ ٱللَّهِ
59,الحشر,23,5,الْقُدُّوس,Al-Quddūs,Tier 1,9,الْعَزِيز,Al-'Azīz,Tier 1,4,mid-verse,mid-verse,Medinan,True,False,homonym-flagged name,لَآ إِلَـٰهَ إِلَّا هُوَ ٱلْمَلِكُ ٱلْقُدُّوسُ ٱلسَّلَـٰمُ ٱلْمُؤْمِنُ ٱلْمُهَيْمِنُ ٱلْعَزِيزُ ٱلْجَبَّارُ ٱلْمُتَكَبِّرُ ۚ سُبْحَـٰنَ ٱللَّهِ
59,الحشر,23,7,الْمُؤْمِن,Al-Mu'min,Tier 1,9,الْعَزِيز,Al-'Azīz,Tier 1,2,mid-verse,mid-verse,Medinan,True,False,homonym-flagged name,إِلَّا هُوَ ٱلْمَلِكُ ٱلْقُدُّوسُ ٱلسَّلَـٰمُ ٱلْمُؤْمِنُ ٱلْمُهَيْمِنُ ٱلْعَزِيزُ ٱلْجَبَّارُ ٱلْمُتَكَبِّرُ ۚ سُبْحَـٰنَ ٱللَّهِ
59,الحشر,23,8,الْمُهَيْمِن,Al-Muhaymin,Tier 1,9,الْعَزِيز,Al-'Azīz,Tier 1,1,mid-verse,mid-verse,Medinan,True,False,homonym-flagged name,هُوَ ٱلْمَلِكُ ٱلْقُدُّوسُ ٱلسَّلَـٰمُ ٱلْمُؤْمِنُ ٱلْمُهَيْمِنُ ٱلْعَزِيزُ ٱلْجَبَّارُ ٱلْمُتَكَبِّرُ ۚ سُبْحَـٰنَ ٱللَّهِ
59,الحشر,23,9,الْعَزِيز,Al-'Azīz,Tier 1,10,الْجَبَّار,Al-Jabbār,Tier 1,1,mid-verse,mid-verse,Medinan,True,False,homonym-flagged name,ٱلْمَلِكُ ٱلْقُدُّوسُ ٱلسَّلَـٰمُ ٱلْمُؤْمِنُ ٱلْمُهَيْمِنُ ٱلْعَزِيزُ ٱلْجَبَّارُ ٱلْمُتَكَبِّرُ ۚ سُبْحَـٰنَ ٱللَّهِ عَمَّا
59,الحشر,23,9,الْعَزِيز,Al-'Azīz,Tier 1,11,الْمُتَكَبِّر,Al-Mutakabbir,Tier 1,2,mid-verse,mid-verse,Medinan,True,False,homonym-flagged name,ٱلْمَلِكُ ٱلْقُدُّوسُ ٱلسَّلَـٰمُ ٱلْمُؤْمِنُ ٱلْمُهَيْمِنُ ٱلْعَزِيزُ ٱلْجَبَّارُ ٱلْمُتَكَبِّرُ ۚ سُبْحَـٰنَ ٱللَّهِ عَمَّا يُشْرِكُونَ
59,الحشر,23,9,الْعَزِيز,Al-'Azīz,Tier 1,1,اللَّه,Allāh,Tier 1,5,mid-verse,mid-verse,Medinan,True,False,homonym-flagged name,ٱلْمَلِكُ ٱلْقُدُّوسُ ٱلسَّلَـٰمُ ٱلْمُؤْمِنُ ٱلْمُهَيْمِنُ ٱلْعَزِيزُ ٱلْجَبَّارُ ٱلْمُتَكَبِّرُ ۚ سُبْحَـٰنَ ٱللَّهِ عَمَّا يُشْرِكُونَ
59,الحشر,24,9,الْعَزِيز,Al-'Azīz,Tier 1,47,الْحَكِيم,Al-Ḥakīm,Tier 1,1,verse-final,verse-final,Medinan,True,False,homonym-flagged name,فِى ٱلسَّمَـٰوَٰتِ وَٱلْأَرْضِ ۖ وَهُوَ ٱلْعَزِيزُ ٱلْحَكِيمُ
60,الممتحنة,5,9,الْعَزِيز,Al-'Azīz,Tier 1,47,الْحَكِيم,Al-Ḥakīm,Tier 1,1,verse-final,verse-final,Medinan,True,False,homonym-flagged name,لَنَا رَبَّنَآ ۖ إِنَّكَ أَنتَ ٱلْعَزِيزُ ٱلْحَكِيمُ
61,الصف,1,1,اللَّه,Allāh,Tier 1,9,الْعَزِيز,Al-'Azīz,Tier 1,9,verse-opening,verse-final,Medinan,True,False,homonym-flagged name,سَبَّحَ لِلَّهِ مَا فِى ٱلسَّمَـٰوَٰتِ وَمَا فِى ٱلْأَرْضِ ۖ وَهُوَ ٱلْعَزِيزُ ٱلْحَكِيمُ
61,الصف,1,9,الْعَزِيز,Al-'Azīz,Tier 1,47,الْحَكِيم,Al-Ḥakīm,Tier 1,1,verse-final,verse-final,Medinan,True,False,homonym-flagged name,وَمَا فِى ٱلْأَرْضِ ۖ وَهُوَ ٱلْعَزِيزُ ٱلْحَكِيمُ
62,الجمعة,1,1,اللَّه,Allāh,Tier 1,9,الْعَزِيز,Al-'Azīz,Tier 1,9,verse-opening,verse-final,Medinan,True,False,homonym-flagged name,يُسَبِّحُ لِلَّهِ مَا فِى ٱلسَّمَـٰوَٰتِ وَمَا فِى ٱلْأَرْضِ ٱلْمَلِكِ ٱلْقُدُّوسِ ٱلْعَزِيزِ ٱلْحَكِيمِ
62,الجمعة,1,4,الْمَلِك,Al-Malik,Tier 1,9,الْعَزِيز,Al-'Azīz,Tier 1,2,mid-verse,verse-final,Medinan,True,False,homonym-flagged name,فِى ٱلسَّمَـٰوَٰتِ وَمَا فِى ٱلْأَرْضِ ٱلْمَلِكِ ٱلْقُدُّوسِ ٱلْعَزِيزِ ٱلْحَكِيمِ
62,الجمعة,1,5,الْقُدُّوس,Al-Quddūs,Tier 1,9,الْعَزِيز,Al-'Azīz,Tier 1,1,mid-verse,verse-final,Medinan,True,False,homonym-flagged name,ٱلسَّمَـٰوَٰتِ وَمَا فِى ٱلْأَرْضِ ٱلْمَلِكِ ٱلْقُدُّوسِ ٱلْعَزِيزِ ٱلْحَكِيمِ
62,الجمعة,1,9,الْعَزِيز,Al-'Azīz,Tier 1,47,الْحَكِيم,Al-Ḥakīm,Tier 1,1,verse-final,verse-final,Medinan,True,False,homonym-flagged name,وَمَا فِى ٱلْأَرْضِ ٱلْمَلِكِ ٱلْقُدُّوسِ ٱلْعَزِيزِ ٱلْحَكِيمِ
62,الجمعة,3,9,الْعَزِيز,Al-'Azīz,Tier 1,47,الْحَكِيم,Al-Ḥakīm,Tier 1,1,verse-final,verse-final,Medinan,True,False,homonym-flagged name,لَمَّا يَلْحَقُوا۟ بِهِمْ ۚ وَهُوَ ٱلْعَزِيزُ ٱلْحَكِيمُ
64,التغابن,18,9,الْعَزِيز,Al-'Azīz,Tier 1,47,الْحَكِيم,Al-Ḥakīm,Tier 1,1,verse-final,verse-final,Medinan,True,False,homonym-flagged name,عَـٰلِمُ ٱلْغَيْبِ وَٱلشَّهَـٰدَةِ ٱلْعَزِيزُ ٱلْحَكِيمُ
67,الملك,2,9,الْعَزِيز,Al-'Azīz,Tier 1,35,الْغَفُور,Al-Ghafūr,Tier 1,1,verse-final,verse-final,Meccan,True,False,homonym-flagged name,أَيُّكُمْ أَحْسَنُ عَمَلًۭا ۚ وَهُوَ ٱلْعَزِيزُ ٱلْغَفُورُ
85,البروج,8,1,اللَّه,Allāh,Tier 1,9,الْعَزِيز,Al-'Azīz,Tier 1,1,mid-verse,verse-final,Meccan,True,False,homonym-flagged name,نَقَمُوا۟ مِنْهُمْ إِلَّآ أَن يُؤْمِنُوا۟ بِٱللَّهِ ٱلْعَزِيزِ ٱلْحَمِيدِ
85,البروج,8,9,الْعَزِيز,Al-'Azīz,Tier 1,57,الْحَمِيد,Al-Ḥamīd,Tier 1,1,verse-final,verse-final,Meccan,True,False,homonym-flagged name,مِنْهُمْ إِلَّآ أَن يُؤْمِنُوا۟ بِٱللَّهِ ٱلْعَزِيزِ ٱلْحَمِيدِ
