name_1_serial,name_2_serial,observed_count,null_mean,null_std,z_score,p_value,significant_p05
1,2,5,31.9644,3.7151,-7.258,1.0,False
1,3,59,54.4651,4.7711,0.9505,0.1999,False
2,3,6,1.9649,1.376,2.9324,0.0119,True
1,34,47,50.1504,4.5991,-0.685,0.7856,False
1,63,12,14.1125,2.4663,-0.8565,0.8554,False
20,47,27,4.3588,1.9966,11.3401,0.0,True
3,81,7,0.277,0.5199,12.9319,0.0,True
13,3,1,0.1034,0.3161,2.8366,0.0999,False
13,81,1,0.0093,0.096,10.3212,0.0093,True
1,20,109,84.0885,5.9333,4.1986,0.0,True
1,28,29,22.5383,3.0903,2.091,0.0287,True
1,68,31,35.8391,3.8924,-1.2432,0.9134,False
28,68,1,0.9019,0.934,0.105,0.6007,False
1,4,36,39.1816,4.0608,-0.7835,0.8178,False
4,68,1,1.576,1.2283,-0.4689,0.8029,False
1,56,28,25.8611,3.33,0.6423,0.3106,False
20,27,32,2.3482,1.4796,20.0407,0.0,True
1,27,31,24.7869,3.2705,1.8997,0.0387,True
1,38,11,16.3907,2.6747,-2.0154,0.9857,False
3,38,1,1.0127,0.9852,-0.0129,0.6443,False
1,105,2,1.1407,0.6976,1.2317,0.3236,False
105,20,1,0.1076,0.3185,2.8022,0.1049,False
1,35,50,35.864,3.931,3.596,0.0004,True
3,35,50,2.176,1.4269,33.5162,0.0,True
1,80,11,13.0236,2.3673,-0.8548,0.8586,False
1,75,12,15.2738,2.5436,-1.2871,0.9306,False
1,84,4,3.3858,1.2053,0.5096,0.4741,False
1,47,54,46.371,4.4261,1.7236,0.0536,False
1,83,3,2.2595,0.9798,0.7558,0.4137,False
38,83,1,0.0432,0.2062,4.6393,0.0426,True
1,33,10,7.9214,1.838,1.1309,0.1954,False
33,35,4,0.3125,0.5534,6.6634,0.0003,True
1,98,1,0.5723,0.4947,0.8645,0.5723,False
28,98,1,0.0125,0.1111,8.8882,0.0125,True
1,32,25,18.6304,2.8102,2.2666,0.0154,True
20,4,5,3.6669,1.8639,0.7152,0.3025,False
1,64,2,1.7082,0.8665,0.3368,0.6005,False
34,63,1,0.7959,0.867,0.2354,0.5597,False
34,64,1,0.0936,0.3014,3.0073,0.0906,False
63,64,2,0.0298,0.1718,11.4686,0.0003,True
1,94,16,14.7071,2.519,0.5133,0.3825,False
56,94,1,0.4221,0.6457,0.895,0.3471,False
1,57,11,9.0651,1.9918,0.9714,0.2426,False
1,30,12,10.7466,2.109,0.5943,0.3629,False
1,51,13,10.7514,2.1443,1.0486,0.2099,False
20,30,1,1.032,0.9933,-0.0322,0.6526,False
20,38,1,1.5469,1.2013,-0.4552,0.7968,False
20,51,1,0.9988,0.9691,0.0012,0.6448,False
20,68,3,3.3663,1.7596,-0.2082,0.6657,False
30,38,1,0.194,0.44,1.832,0.1762,False
30,51,1,0.1307,0.3556,2.4449,0.1245,False
30,68,3,0.4427,0.6491,3.9398,0.0075,True
38,51,1,0.1947,0.44,1.8303,0.1772,False
38,68,1,0.6487,0.7924,0.4433,0.482,False
51,68,1,0.4323,0.6419,0.8844,0.358,False
1,88,3,1.6986,0.8636,1.507,0.185,False
1,24,1,1.1155,0.698,-0.1655,0.8075,False
20,80,1,1.2249,1.0862,-0.207,0.7141,False
32,68,1,0.7501,0.8501,0.294,0.5334,False
32,75,1,0.315,0.5455,1.2557,0.277,False
68,75,1,0.6178,0.7722,0.4949,0.4674,False
1,53,8,6.8017,1.7183,0.6974,0.348,False
20,33,2,0.7455,0.8419,1.4902,0.168,False
3,4,3,2.3864,1.5132,0.4055,0.4295,False
35,4,3,1.5803,1.2204,1.1633,0.2079,False
35,68,1,1.4324,1.1653,-0.3711,0.7682,False
1,29,12,14.7055,2.5066,-1.0793,0.8965,False
29,30,1,0.174,0.4192,1.9704,0.1591,False
1,41,1,0.5748,0.4944,0.8601,0.5748,False
1,89,13,10.1938,2.087,1.3446,0.1325,False
56,68,1,1.0492,1.0148,-0.0485,0.6551,False
1,87,3,1.7016,0.8586,1.5123,0.1826,False
29,87,1,0.0286,0.1685,5.766,0.0283,True
1,8,2,1.1338,0.7016,1.2345,0.322,False
1,44,1,1.6958,0.8577,-0.8112,0.918,False
44,51,1,0.0232,0.1525,6.4045,0.0229,True
30,94,1,0.1748,0.4153,1.9872,0.1612,False
32,47,4,0.967,0.9627,3.1507,0.015,True
51,75,1,0.1888,0.431,1.8822,0.1733,False
1,70,2,1.7208,0.854,0.3269,0.6074,False
30,56,1,0.318,0.5568,1.2248,0.2757,False
32,4,1,0.8114,0.8769,0.2151,0.5643,False
4,47,3,2.0441,1.401,0.6823,0.3329,False
20,96,1,0.1124,0.3237,2.7422,0.1099,False
31,32,5,0.0823,0.2845,17.2869,0.0,True
1,95,2,1.708,0.8508,0.3432,0.601,False
20,63,1,1.3365,1.1315,-0.2974,0.746,False
27,63,1,0.4023,0.6221,0.9607,0.3357,False
1,54,8,8.4787,1.9336,-0.2476,0.6987,False
28,56,1,0.6554,0.8009,0.4303,0.4859,False
1,43,5,12.9897,2.3737,-3.3659,0.9997,False
56,89,1,0.3015,0.5448,1.2821,0.2618,False
1,81,4,4.5302,1.3904,-0.3813,0.7723,False
3,84,4,0.2139,0.4538,8.3429,0.0,True
27,28,9,0.6389,0.782,10.6921,0.0,True
1,45,1,1.1373,0.7007,-0.1959,0.8137,False
1,49,1,2.268,0.9961,-1.273,0.9637,False
49,57,1,0.0217,0.1471,6.652,0.0215,True
1,99,1,1.1326,0.6996,-0.1895,0.8128,False
33,99,1,0.0103,0.101,9.8024,0.0103,True
3,48,1,0.0684,0.2568,3.6284,0.0673,False
1,108,2,2.2804,0.9959,-0.2816,0.7833,False
4,43,2,0.5804,0.7503,1.8921,0.1156,False
1,16,5,2.8312,1.105,1.9626,0.0587,False
4,75,1,0.6724,0.7989,0.4101,0.4982,False
20,39,1,0.3684,0.5932,1.0647,0.3137,False
29,38,1,0.2567,0.5052,1.4714,0.2274,False
108,20,1,0.2116,0.4524,1.7429,0.1937,False
108,47,1,0.1212,0.3407,2.579,0.1165,False
20,31,1,0.382,0.6042,1.0228,0.3229,False
31,47,1,0.2089,0.4462,1.7731,0.1925,False
4,56,2,1.1416,1.0519,0.816,0.3181,False
28,4,1,0.9933,0.9813,0.0068,0.6364,False
28,94,1,0.3683,0.5933,1.0646,0.3148,False
4,94,1,0.6738,0.7995,0.408,0.4966,False
29,56,1,0.4218,0.6483,0.8919,0.3444,False
57,94,1,0.151,0.3852,2.2039,0.1418,False
1,36,6,5.6502,1.5549,0.225,0.5402,False
36,94,1,0.0993,0.3157,2.8534,0.0943,False
53,80,1,0.1035,0.3212,2.7908,0.0983,False
1,71,1,2.287,0.9864,-1.3047,0.9659,False
2,4,3,1.4087,1.1663,1.3644,0.1654,False
56,75,1,0.4391,0.6474,0.8664,0.3631,False
35,83,2,0.0923,0.303,6.297,0.0038,True
1,31,4,3.9921,1.296,0.0061,0.656,False
57,89,5,0.1047,0.3187,15.3626,0.0,True
47,81,1,0.2323,0.4747,1.6172,0.2102,False
27,68,1,0.9903,0.9789,0.0099,0.6356,False
20,89,1,0.9581,0.9505,0.0441,0.6286,False
20,94,1,1.403,1.1287,-0.357,0.7713,False
3,88,1,0.1066,0.3207,2.7859,0.1028,False
35,88,1,0.0691,0.2606,3.5718,0.0673,False
32,63,1,0.2997,0.5482,1.2775,0.2585,False
43,89,1,0.1503,0.3851,2.2064,0.1406,False
54,68,1,0.3393,0.5743,1.1505,0.2905,False
20,32,3,1.7623,1.2967,0.9545,0.255,False
4,51,1,0.4772,0.6787,0.7703,0.3846,False
19,20,1,0.052,0.222,4.2698,0.052,False
35,36,2,0.2235,0.4694,3.7845,0.0201,True
33,68,1,0.3158,0.5549,1.2331,0.2734,False
2,43,1,0.4677,0.6697,0.7948,0.3797,False
2,89,1,0.3713,0.6015,1.0452,0.3134,False
20,75,1,1.4488,1.1615,-0.3864,0.7761,False
1,104,1,0.5735,0.4946,0.8624,0.5735,False
1,11,3,3.9598,1.316,-0.7293,0.8635,False
16,4,1,0.1278,0.3525,2.4742,0.1214,False
1,10,2,3.9556,1.3079,-1.4952,0.9701,False
10,11,2,0.0186,0.1373,14.4301,0.0003,True
47,57,1,0.4658,0.6652,0.8031,0.3795,False
1,39,1,3.9632,1.3064,-2.2682,0.9973,False
31,54,1,0.0366,0.1915,5.0316,0.0359,True
28,32,1,0.4707,0.6749,0.7842,0.3809,False
56,57,1,0.2599,0.5108,1.4488,0.2288,False
2,68,1,1.284,1.0966,-0.259,0.7369,False
30,87,1,0.0217,0.1457,6.7144,0.0217,True
68,87,1,0.0675,0.2552,3.6535,0.0664,False
3,68,1,2.1754,1.4342,-0.8195,0.8915,False
68,81,1,0.1868,0.4279,1.9004,0.172,False
1,102,1,0.5669,0.4955,0.8741,0.5669,False
1,18,1,0.5623,0.4961,0.8823,0.5623,False
1,55,1,1.7022,0.8617,-0.8149,0.9187,False
102,18,1,0.0002,0.0141,70.7036,0.0002,True
102,55,1,0.0013,0.036,27.717,0.0013,True
18,55,1,0.0006,0.0245,40.8126,0.0006,True
3,80,1,0.7967,0.8757,0.2322,0.5545,False
20,77,1,0.054,0.226,4.1855,0.054,False
3,94,1,0.9032,0.9352,0.1035,0.5998,False
34,94,1,0.8303,0.8807,0.1927,0.5776,False
1,91,1,0.5672,0.4955,0.8735,0.5672,False
1,5,2,1.1356,0.6977,1.2389,0.3204,False
10,4,1,0.1812,0.4219,1.9409,0.1677,False
10,5,1,0.006,0.0772,12.8712,0.006,True
10,8,1,0.0039,0.0623,15.9816,0.0039,True
11,4,1,0.1688,0.4122,2.0165,0.1546,False
11,5,1,0.0059,0.0766,12.9804,0.0059,True
11,8,1,0.0043,0.0654,15.217,0.0043,True
4,5,2,0.0514,0.224,8.7007,0.0007,True
4,8,1,0.0499,0.2191,4.3361,0.0496,True
5,8,1,0.0015,0.0387,25.8005,0.0015,True
1,13,1,1.7059,0.8558,-0.8248,0.9238,False
1,14,1,0.5694,0.4952,0.8696,0.5694,False
13,14,1,0.0012,0.0346,28.8502,0.0012,True
13,47,1,0.0876,0.2911,3.1346,0.0852,False
14,47,1,0.0325,0.1773,5.4561,0.0325,True
20,29,1,1.3754,1.1416,-0.3288,0.7565,False
29,47,1,0.7594,0.8582,0.2804,0.5396,False
47,5,1,0.0594,0.2418,3.8898,0.0581,False
32,94,1,0.3165,0.559,1.2226,0.2723,False
33,36,1,0.0526,0.2285,4.1453,0.0514,False
2,28,1,0.8073,0.875,0.2202,0.5644,False
35,48,1,0.0464,0.2118,4.503,0.0461,True
1,69,1,0.576,0.4942,0.858,0.576,False
