surah_number,name_1_serial,name_2_serial,occurrence_count,ayahs
2,1,37,77,"7,20,20,20,23,61,64,70,76,80,80,80,89,89,90,90,91,97,105,106,109,109,112,142,143,143,143,148,148,161,167,169,173,177,181,185,185,187,187,193,194,194,194,204,228,228,229,229,229,231,231,231,231,231,233,234,238,240,243,243,246,246,246,247,247,251,251,252,253,259,259,259,264,272,284,284,286"
2,1,7,6,"8,91,97,223,278,285"
2,1,52,14,"26,61,91,91,109,109,144,176,213,213,213,252,282,282"
2,1,63,5,"28,164,243,243,255"
2,3,81,4,"37,54,128,160"
2,37,38,3,"45,143,143"
2,37,52,6,"91,180,236,236,241,252"
2,1,20,26,"95,115,115,137,158,181,215,224,227,231,231,244,244,246,247,247,256,261,261,268,268,273,282,282,282,283"
2,37,68,3,"96,102,180"
2,1,28,7,"96,110,110,233,233,237,265"
2,4,37,3,"102,247,247"
2,1,56,4,"107,120,142,257"
2,20,27,7,"127,137,181,224,227,244,256"
2,9,37,4,"129,228,228,240"
2,37,47,3,"129,228,228"
2,9,47,6,"129,209,220,228,240,260"
2,1,27,8,"137,181,224,227,244,244,256,256"
2,1,38,4,"143,143,217,282"
2,1,3,11,"143,143,173,182,192,199,199,218,218,218,226"
2,1,35,12,"173,182,192,199,199,218,218,218,225,226,235,235"
2,3,35,6,"173,182,192,199,218,226"
2,1,9,6,"209,220,220,228,240,260"
2,1,47,6,"209,220,220,228,240,260"
2,1,78,3,"210,210,245"
2,1,33,3,"225,235,263"
2,1,4,5,"247,251,251,251,258"
3,1,9,5,"4,4,62,62,126"
3,9,47,4,"6,18,62,126"
3,37,75,3,"7,153,153"
3,1,28,7,"15,15,20,156,156,163,163"
3,1,37,48,"20,29,33,42,50,61,75,75,78,78,78,84,84,87,94,97,98,98,101,101,103,103,103,108,108,112,112,112,112,119,135,135,144,144,144,152,153,154,159,159,164,164,165,179,179,179,189,189"
3,1,52,10,"21,62,62,86,86,102,108,108,112,154"
3,1,7,12,"28,68,121,122,122,152,160,164,166,171,171,179"
3,1,78,5,"28,28,83,109,109"
3,1,35,7,"31,31,31,89,129,155,155"
3,1,3,5,"31,31,31,89,129"
3,3,35,3,"31,89,129"
3,1,20,10,"34,63,73,73,92,115,119,121,154,154"
3,20,27,3,"34,35,121"
3,1,47,3,"62,62,126"
3,1,56,3,"68,122,122"
3,1,34,5,"74,174,174,176,179"
3,7,37,4,"152,164,164,179"
3,1,32,3,"153,180,180"
4,1,37,71,"1,1,6,9,17,17,17,24,24,26,26,27,30,32,33,34,34,34,39,39,50,54,69,69,72,77,77,80,81,81,81,83,85,86,90,90,94,94,94,95,95,95,95,95,95,100,100,100,109,111,113,113,113,127,133,135,136,136,140,141,141,141,144,155,160,164,164,165,165,169,171"
4,1,20,22,"11,11,12,12,17,17,24,26,35,35,39,39,92,92,104,104,111,148,170,170,176,176"
4,1,3,3,"16,25,96"
4,20,37,3,"17,26,111"
4,1,4,3,"24,25,36"
4,1,47,3,"26,104,104"
4,1,9,5,"56,158,158,165,165"
4,1,53,4,"81,81,132,132"
4,1,7,15,"84,84,84,95,139,141,141,141,144,146,146,146,146,146,162"
4,7,37,4,"103,141,141,144"
4,1,52,6,"105,155,155,170,171,171"
4,1,89,6,"130,130,131,131,135,135"
5,1,37,43,"1,2,2,3,4,4,4,4,6,6,7,8,8,11,17,19,20,21,23,23,23,23,34,40,52,54,54,54,54,69,71,71,80,92,96,99,103,107,110,112,115,117,120"
5,37,80,3,"2,2,96"
5,1,35,10,"3,34,39,39,74,74,98,98,101,101"
5,1,3,8,"3,34,39,39,74,74,98,98"
5,3,35,5,"3,34,39,74,98"
5,1,20,6,"7,7,54,54,76,97"
5,1,7,10,"11,11,23,43,54,54,57,88,88,112"
5,1,9,4,"38,38,95,95"
5,1,29,3,"42,43,43"
5,1,52,3,"48,48,84"
5,7,37,3,"54,54,112"
5,37,44,3,"117,117,117"
6,1,37,28,"12,21,31,35,37,39,46,46,53,53,71,71,81,91,91,93,93,107,111,119,125,137,138,140,140,144,144,144"
6,37,52,4,"30,66,91,93"
6,37,70,3,"37,65,65"
6,1,52,6,"57,62,91,91,93,151"
6,20,47,3,"83,128,139"
6,1,63,3,"95,95,95"
7,1,37,25,"28,28,30,33,33,37,37,44,49,50,50,50,50,54,59,89,89,89,89,101,105,105,140,169,169"
7,37,52,6,"30,89,105,105,169,169"
7,1,52,6,"30,33,43,89,105,169"
7,1,78,3,"65,73,85"
8,1,7,9,"1,1,2,17,17,19,62,64,74"
8,1,37,13,"2,36,37,41,41,41,49,49,53,53,58,61,72"
8,1,9,7,"10,10,49,49,63,67,67"
8,1,47,9,"10,10,49,49,63,67,67,71,71"
8,9,47,4,"10,49,63,67"
8,1,27,4,"17,42,53,61"
8,1,20,9,"17,42,43,53,61,71,71,75,75"
8,20,27,4,"17,42,53,61"
8,1,34,3,"28,29,68"
8,1,28,3,"39,39,72"
8,1,54,3,"52,52,52"
8,1,35,3,"69,69,70"
8,1,3,3,"69,69,70"
9,1,37,32,"4,14,15,15,17,26,27,27,39,42,60,64,84,91,91,91,93,97,97,98,102,102,103,106,106,109,109,109,117,118,118,118"
9,1,35,9,"5,27,27,91,91,99,99,102,102"
9,1,3,10,"5,27,27,91,99,99,102,102,104,118"
9,3,35,5,"5,27,91,99,102"
9,1,68,3,"6,52,127"
9,1,7,17,"13,14,16,16,26,51,51,61,61,62,62,72,105,107,111,111,112"
9,7,37,3,"14,26,128"
9,1,20,18,"15,15,28,28,44,44,47,60,60,60,97,97,98,103,106,106,110,115"
9,1,47,17,"15,15,28,28,40,40,60,60,60,71,71,71,97,97,106,106,110"
9,20,37,5,"15,97,98,103,106"
9,37,47,3,"15,97,106"
9,20,47,6,"15,28,60,97,106,110"
9,35,37,3,"27,91,102"
9,3,37,6,"27,91,102,117,118,128"
9,1,9,5,"40,40,71,71,71"
10,1,37,18,"3,16,17,46,59,60,60,60,60,62,68,69,71,71,71,72,85,100"
10,1,52,11,"4,5,30,32,32,35,35,36,55,55,82"
11,1,37,15,"4,6,12,18,18,18,18,26,29,56,63,73,73,86,92"
11,1,78,6,"34,50,61,84,88,123"
12,20,47,3,"6,83,100"
12,1,37,13,"18,21,31,38,38,64,66,80,91,92,99,108,108"
13,1,37,4,"2,16,16,33"
14,1,37,10,"3,6,11,12,12,12,20,22,38,39"
14,1,9,3,"4,47,47"
16,1,3,3,"18,18,115"
16,1,37,18,"26,37,61,71,71,75,76,77,91,91,107,108,115,116,116,116,116,127"
16,37,51,5,"89,89,89,89,89"
18,1,37,5,"1,15,15,21,45"
22,1,52,10,"6,18,40,40,54,62,62,74,74,78"
22,1,37,16,"6,11,17,17,28,34,35,36,36,37,39,62,65,70,78,78"
22,37,51,3,"17,78,78"
22,1,54,5,"40,40,40,74,74"
22,1,9,4,"40,40,74,74"
22,1,20,4,"52,52,52,59"
22,1,27,3,"61,75,75"
23,1,37,4,"24,28,38,91"
24,1,7,5,"2,17,31,51,62"
24,1,35,6,"5,22,22,33,62,62"
24,1,3,8,"5,20,20,22,22,33,62,62"
24,3,35,4,"5,22,33,62"
24,1,68,4,"6,21,21,21"
24,1,37,23,"10,10,14,20,20,21,21,33,35,35,45,45,45,45,45,45,50,54,58,58,58,61,62"
24,1,47,8,"10,10,18,18,58,58,59,59"
24,1,20,16,"18,18,21,21,28,32,32,35,35,41,58,58,59,59,60,64"
24,20,47,3,"18,58,59"
24,1,27,3,"21,21,60"
24,1,52,4,"25,25,25,25"
24,1,94,5,"35,35,35,35,40"
25,2,37,3,"26,59,63"
26,3,9,9,"9,68,104,122,140,159,175,191,217"
27,1,37,4,"15,59,79,79"
28,37,52,3,"3,53,63"
28,1,37,9,"27,28,28,71,71,72,72,78,82"
29,1,27,3,"5,5,60"
29,1,20,4,"5,5,60,62"
29,1,37,5,"19,19,20,20,68"
30,1,37,3,"30,30,59"
31,1,9,3,"9,27,27"
31,1,47,3,"9,27,27"
31,1,57,3,"12,26,26"
31,1,32,4,"16,16,29,34"
31,1,37,3,"20,20,30"
31,1,52,4,"30,30,33,33"
33,1,20,4,"1,1,51,51"
33,1,37,28,"3,3,9,9,9,19,19,19,24,24,27,30,37,37,37,38,38,48,48,50,50,52,55,55,56,73,73,73"
33,7,74,3,"6,6,6"
33,1,7,12,"6,22,22,23,25,25,25,36,47,73,73,73"
33,7,37,5,"37,43,50,59,73"
33,1,68,5,"39,39,39,40,40"
33,1,4,5,"50,50,52,55,55"
33,4,37,5,"50,50,50,52,55"
34,1,37,3,"8,47,47"
35,1,37,7,"1,3,3,8,11,17,45"
35,1,52,3,"5,5,31"
39,1,52,3,"2,67,75"
39,37,52,4,"5,5,41,41"
39,1,37,8,"22,22,32,53,53,56,60,62"
39,37,53,3,"41,41,62"
40,1,37,7,"12,16,16,35,35,61,78"
40,1,4,3,"16,16,29"
40,1,52,5,"20,55,77,78,78"
40,1,28,4,"20,44,44,56"
41,1,37,3,"21,22,30"
42,1,78,4,"3,10,10,15"
42,1,37,11,"6,6,9,13,16,24,24,24,24,24,40"
42,37,39,4,"6,6,48,48"
42,1,56,3,"9,31,44"
42,1,52,3,"17,24,24"
45,1,37,6,"6,6,23,23,23,23"
45,1,52,4,"6,6,22,32"
46,1,37,5,"10,10,13,21,33"
48,1,37,19,"2,6,6,6,6,10,10,10,17,17,21,21,21,21,24,26,28,29,29"
48,1,9,4,"3,7,7,19"
48,1,7,4,"4,18,26,26"
48,1,52,3,"27,27,28"
49,1,27,3,"1,1,1"
49,1,20,8,"1,1,1,8,8,13,13,16"
49,1,35,3,"5,14,14"
49,1,3,4,"5,12,12,14"
49,1,37,3,"9,17,17"
57,1,9,3,"1,25,25"
57,1,34,4,"21,21,29,29"
57,1,37,5,"22,23,27,29,29"
58,1,27,3,"1,1,1"
58,1,28,3,"1,1,1"
58,1,32,4,"3,11,13,13"
58,1,37,9,"6,6,13,13,13,14,14,18,19"
59,1,37,9,"3,5,6,6,6,6,6,7,21"
60,1,37,4,"4,9,12,13"
60,1,35,4,"7,7,12,12"
60,1,3,4,"7,7,12,12"
63,1,37,4,"4,6,7,7"
64,1,7,3,"2,13,13"
64,1,20,3,"4,11,11"
65,1,37,5,"3,3,11,12,12"
